[
  {
    "title": "MANICURE",
    "text": "",
    "image": "manicure.jpg",
    "duration": "",
    "price": "",
    "section": "",
    "subscription": ""
  },
  {
    "title": "PEDICURE",
    "text": "",
    "image": "pedicure.jpg",
    "duration": "",
    "price": "32,00 €",
    "section": "",
    "subscription": ""
  },
  {
    "title": "PEDICURE+MANICURE",
    "text": "",
    "image": "cuccio_cut.jpg",
    "duration": "",
    "price": "",
    "section": "",
    "subscription": ""
  },
  {
    "title": "CALLUS PEEL",
    "text": "",
    "image": "callus.jpg",
    "duration": "",
    "price": "",
    "section": "",
    "subscription": ""
  },
  {
    "title": "CALLUS PEEL con pedicure",
    "text": "",
    "image": "calluspeeling.jpg",
    "duration": "",
    "price": "",
    "section": "",
    "subscription": ""
  },
  {
    "title": "APPLICAZIONE SMALTO",
    "text": "",
    "image": "smalto.jpg",
    "duration": "",
    "price": "",
    "section": "",
    "subscription": ""
  },
  {
    "title": "SMALTO SEMIPERMANENTE IN GEL",
    "text": "",
    "image": "gel.jpg",
    "duration": "",
    "price": "",
    "section": "",
    "subscription": ""
  },
  {
    "title": "RIMOZIONE SMALTO PERMANENTE",
    "text": "",
    "image": "smalto-semipermanente_NG5.jpg",
    "duration": "",
    "price": "",
    "section": "",
    "subscription": ""
  }
]