[
  {
    "title": "ANTISTRESS",
    "text": "",
    "image": "antistress_400.jpg",
    "duration": "1 ora",
    "price": "",
    "section": "",
    "subscription": ""
  },
  {
    "title": "CONNETTIVALE",
    "text": "",
    "image": "connettivale_400.jpg",
    "duration": "1 ora",
    "price": "",
    "section": "",
    "subscription": ""
  },
  {
    "title": "ENERGIA VITALE",
    "text": "",
    "image": "energia_vitale_400.jpg",
    "duration": "1 ora",
    "price": "",
    "section": "",
    "subscription": ""
  },
  {
    "title": "EMOLINFATICO",
    "text": "",
    "image": "emolinfatico_400.jpg",
    "duration": "1 ora",
    "price": "",
    "section": "",
    "subscription": ""
  },
  {
    "title": "CLASSICO",
    "text": "",
    "image": "classico_400.jpg",
    "duration": "",
    "price": "",
    "section": "",
    "subscription": ""
  },
  {
    "title": "SCRUB CORPO",
    "text": "",
    "image": "img_scrub_corpo.jpg",
    "duration": "",
    "price": "50,00 €",
    "section": "",
    "subscription": ""
  },
  {
    "title": "BENDAGGIO SNELLENTE",
    "text": "",
    "image": "bendaggi_400.jpg",
    "duration": "1 ora",
    "price": "",
    "section": "",
    "subscription": ""
  }
]