[
  
  {
    "title": "LPG ENDERMOLOGIE CORPO",
    "text": "Il metodo 100% naturale che modella drena e rassoda il tuo corpo",
    "image": "lpg-endermologie.jpg",
    "duration": "",
    "price": "",
    "section": "LPG ENDERMOLOGIE CORPO",
    "subscription": ""
  },
  {
    "title": "LIPO",
    "text": "",
    "image": "linea_av_lipo-e487899e.jpg",
    "duration": "",
    "price": "",
    "section": "dibi body",
    "subscription": ""
  },
  {
    "title": "TONIC",
    "text": "",
    "image": "dibi_tonic_lifter.jpg",
    "duration": "",
    "price": "",
    "section": "dibi body",
    "subscription": ""
  },
  {
    "title": "K.R.F corpo quadripolare",
    "text": "",
    "image": "KRF-banner.jpg",
    "duration": "",
    "price": "",
    "section": "dibi body",
    "subscription": ""
  },
  {
    "title": "CELL REWIND",
    "text": "",
    "image": "CELL-CONTOUR.jpg",
    "duration": "",
    "price": "",
    "section": "dibi body",
    "subscription": ""
  }
]