[
  {
    "title": "The mini spa treatment",
    "text": "Offre alla pelle grandi vantaggi in pochissimo tempo lasciando una sensazione di freschezza<br> donando effetti rivitalizzanti con un accento sull'esfoliazione e l'idratazione",
    "image": "",
    "duration": "30 min",
    "price": ""
  },
  {
    "title": "High definition peel",
    "text": "Intensivo trattamento peel mensile consente straordinari miglioramenti anti-aging con risultati visibili.<br>\nEsfolia profondamente, riempie e volumizza l'aspetto della pelle lasciando la cute radiosa e levigata",
    "image": "",
    "duration": "30 min",
    "price": ""
  }
]