[
  {
    "title": "CALM PERFECTION",
    "text": "",
    "image": "dibi_calm_perfection.jpg",
    "duration": "1 ora e 30 min",
    "price": ""
  },
  {
    "title": "PURE EQUALIZER",
    "text": "",
    "image": "dibi_pure_equalizer_adv_doppia_dibi_milano_ita.jpg",
    "duration": "1 ora e 30 min",
    "price": ""
  },
  {
    "title": "HYDRA PERFECTION",
    "text": "",
    "image": "dibi_hydra_erfection_cartolina_15x15_ ita.jpg",
    "duration": "1 ora e 30 min",
    "price": ""
  },
  {
    "title": "DIBI PRODIGIO",
    "text": "",
    "image": "dibi_prodigio_c40_pp015852.jpg",
    "duration": "1 ora e 30 min",
    "price": ""
  },
  {
    "title": "AGE METHOD",
    "text": "",
    "image": "dibi_age_method_doppia.jpg",
    "duration": "1 ora e 30 min",
    "price": ""
  },
  {
    "title": "LIFT CREATOR",
    "text": "",
    "image": "dibi_lift_creator_adv.jpg",
    "duration": "1 ora e 30 min",
    "price": ""
  },
  {
    "title": "FILLER CODE",
    "text": "",
    "image": "dibi_filler_code_adv.jpg",
    "duration": "1 ora e 30 min",
    "price": ""
  }
]