[
  {
    "title": "Analisi della pelle",
    "text": "",
    "image": "APG-Tech-Epildream_PP025069-SCHEDA-CHECKUP-ITA.jpg",
    "duration": "",
    "price": ""
  },
  {
    "title": "Pulizia viso",
    "text": "scrub, massaggio e maschera con depilazione ciglia e baffetti",
    "image": "Estetica_pulizia_viso-e24de9e1.webp",
    "duration": "1 ora e 30 min",
    "price": ""
  },
  {
    "title": "Trattamenti flash",
    "text": "massaggio e maschera",
    "image": "la-boutique-dell-estetica-pordenone-pulizia-viso.jpg",
    "duration": "1 ora",
    "price": ""
  },
  {
    "title": "LPG viso",
    "text": "riposiziona i volumi del viso",
    "image": "lpgviso.jpg",
    "duration": "1 ora",
    "price": ""
  },
  {
    "title": "K.R.F.",
    "text": "azione termica rassodante",
    "image": "kfr.jpg",
    "duration": "",
    "price": ""
  },
  {
    "title": "Dermopeeling",
    "text": "microdermoabrasione cosmetica",
    "image": "microdermoabrasione.jpg",
    "duration": "1 ora",
    "price": ""
  }
]