[
  {
    "title": "AREA SMALL",
    "text": "basette, guance, zigomi, <br>orecchie, labbra, collo, mento,<br>linea alba, sterno, seno, piedi, mani",
    "image": "",
    "duration": "",
    "price": "",
    "section": "donna",
    "subscription": ""
  },
  {
    "title": "AREA MEDIUM",
    "text": "braccia, ascelle, spalle,<br>décolleté, schiena, addome, <br>lglutei, inguine",
    "image": "",
    "duration": "",
    "price": "",
    "section": "donna",
    "subscription": ""
  },
  {
    "title": "AREA LARGE",
    "text": "coscia, mezza gamba,<br>viso totale",
    "image": "",
    "duration": "",
    "price": "",
    "section": "donna",
    "subscription": ""
  },
  {
    "title": "AREA SMALL",
    "text": "basette, guance, zigomi, <br>orecchie, labbra, collo, mento,<br>attaccatura capelli,<br> sterno, piedi, mani",
    "image": "",
    "duration": "",
    "price": "",
    "section": "uomo",
    "subscription": ""
  },
  {
    "title": "AREA MEDIUM",
    "text": "braccia, avambracci, ascelle,<br>petto, spalle, addome,<br>glutei, inguine",
    "image": "",
    "duration": "",
    "price": "",
    "section": "uomo",
    "subscription": ""
  },
  {
    "title": "AREA LARGE",
    "text": "Cosce, mezza gamba, viso totale,<br>torace, schiena",
    "image": "",
    "duration": "",
    "price": "",
    "section": "uomo",
    "subscription": ""
  },
  {
    "title": "ELETTROCOAGULAZIONE",
    "text": "",
    "image": "",
    "duration": "",
    "price": "",
    "section": "",
    "subscription": ""
  },
  {
    "title": "pacchetti",
    "text": "Si effettuano pacchetti epilazione laser <br>altamente convenienti, con pagamenti rateizzati, senza interessi",
    "image": "",
    "duration": "",
    "price": "",
    "section": "",
    "subscription": ""
  }
]