[
  {
    "title": "TRUCCO VELOCE",
    "text": "",
    "image": "stock-photo-makeup-artist-applies-applies-powder-and-blush-beautiful-woman-face-hand-of-make-up-master-1805797540.jpg",
    "duration": "",
    "price": "",
    "section": "",
    "subscription": ""
  },
  {
    "title": "TRUCCO BASE",
    "text": "",
    "image": "DSC02334.jpg",
    "duration": "",
    "price": "",
    "section": "",
    "subscription": ""
  },
  {
    "title": "TRUCCO SPOSA",
    "text": "",
    "image": "istockphoto-1314528208-1024x1024.jpg",
    "duration": "",
    "price": "",
    "section": "",
    "subscription": ""
  },
  {
    "title": "TRUCCO FESTIVI",
    "text": "",
    "image": "source.jpg",
    "duration": "",
    "price": "",
    "section": "",
    "subscription": ""
  },
  {
    "title": "TRUCCO+APPLICAZIONE CIGLIA",
    "text": "",
    "image": "645Z7468+copy.jpg",
    "duration": "",
    "price": "",
    "section": "",
    "subscription": ""
  },
  {
    "title": "APPLICAZIONE CIGLIA",
    "text": "",
    "image": "istockphoto-961520902-1024x1024.jpg",
    "duration": "",
    "price": "",
    "section": "",
    "subscription": ""
  },
  {
    "title": "TINTURA CIGLIA O SOPRACCIGLIA",
    "text": "",
    "image": "EyebrowAndLashTinting.jpg",
    "duration": "",
    "price": "",
    "section": "",
    "subscription": ""
  },
  {
    "title": "LEZIONI TRUCCO",
    "text": "",
    "image": "learn-makeup.jpg",
    "duration": "",
    "price": "",
    "section": "",
    "subscription": ""
  },
  {
    "title": "TRUCCO SEMIPERMANENTE",
    "text": "",
    "image": "trucco-semipermanente.jpg",
    "duration": "",
    "price": "da definire in base alla zona",
    "section": "",
    "subscription": ""
  },
  {
    "title": "FAI UN REGALO",
    "text": "CARD REGALO PERSONALIZZATE",
    "image": "",
    "duration": "",
    "price": "",
    "section": "",
    "subscription": ""
  }
]